,PropertyName,TopFacilities,Link
0,Smartworld One DXP,"['Swimming Pool', 'Salon', 'Restaurant', 'Spa', 'Cafeteria', 'Sun Deck', '24x7 Security', 'Club House', 'Gated Community']",https://www.99acres.com/smartworld-one-dxp-sector-113-gurgaon-npxid-r400415
1,M3M Crown,"['Bowling Alley', 'Mini Theatre', 'Manicured Garden', 'Swimming Pool', 'Flower Garden', 'Reading Lounge', 'Golf Course', 'Barbecue', 'Sauna']",https://www.99acres.com/m3m-crown-sector-111-gurgaon-npxid-r404068
2,Adani Brahma Samsara Vilasa,"['Terrace Garden', 'Gazebo', 'Fountain', 'Amphitheatre', 'Party Lawn', 'Basketball Court', 'Badminton Court', 'Yoga/Meditation Area', 'Indoor Games']",https://www.99acres.com/adani-brahma-samsara-vilasa-sector-63-gurgaon-npxid-r327995
3,Sobha City,"['Swimming Pool', 'Volley Ball Court', 'Aerobics Centre', 'Card Room', 'Barbecue', 'Sauna', 'Steam Room', 'Creche/Day care', 'Skating Rink']",https://www.99acres.com/sobha-city-sector-108-gurgaon-npxid-r256111
4,Signature Global City 93,"['Mini Theatre', 'Doctor on Call', 'Concierge Service', 'Swimming Pool', 'Bar/Chill-Out Lounge', 'Laundry', 'Flower Garden', 'Reflexology Park', 'Salon']",https://www.99acres.com/signature-global-city-93-sector-93-gurgaon-npxid-r404456
5,Whiteland The Aspen,"['Reflexology Park', 'Card Room', 'High Speed Elevators', 'Sauna', 'Jacuzzi', 'Spa', 'Entrance Lobby', 'Yoga/Meditation Area', 'Club House']",https://www.99acres.com/whiteland-the-aspen-sector-76-gurgaon-npxid-r403309
6,Bestech Altura,"['Swimming Pool', 'Football', 'Flower Garden', 'Reading Lounge', 'School', 'Pergola', 'Skating Rink', 'Grocery Shop', 'Squash Court']",https://www.99acres.com/bestech-altura-sector-79-gurgaon-npxid-r262010
7,Elan The Presidential,"['Swimming Pool', 'Aerobics Centre', 'Shopping Centre', 'Video Door Security', 'Amphitheatre', 'Yoga/Meditation Area', 'CCTV Camera Security', 'Jogging Track', '24x7 Security']",https://www.99acres.com/elan-the-presidential-sector-106-gurgaon-npxid-r400451
8,Signature Global City 92,"['Swimming Pool', 'Reflexology Park', 'Terrace Garden', 'Waiting Lounge', 'Jacuzzi', 'Skating Rink', 'Cricket Pitch', 'Sun Deck', 'Amphitheatre']",https://www.99acres.com/signature-global-city-92-sector-92-gurgaon-npxid-r379657
9,Emaar Digihomes,"['Mini Theatre', 'Swimming Pool', 'Salon', 'Card Room', 'Restaurant', 'Spa', 'Creche/Day care', 'Banquet Hall', 'Lawn Tennis Court']",https://www.99acres.com/emaar-digihomes-sector-62-gurgaon-npxid-r333369
10,Signature Global City 79B,"['Swimming Pool', 'Reflexology Park', 'Gazebo', 'Banquet Hall', 'Cricket Pitch', 'Sun Deck', 'Multipurpose Court', 'Amphitheatre', 'Toddler Pool']",https://www.99acres.com/signature-global-city-79b-sector-79-gurgaon-npxid-r404401
11,DLF The Arbour,"['Swimming Pool', 'Community Hall', 'Yoga/Meditation Area', '24x7 Security', 'Club House', 'Gated Community', 'Gymnasium', 'Landscape Garden', ""Children's Play Area""]",https://www.99acres.com/dlf-the-arbour-sector-63-gurgaon-npxid-r404070
12,M3M Antalya Hills,"['Mini Theatre', 'Swimming Pool', 'Lounge', 'Reflexology Park', 'Restaurant', 'Terrace Garden', 'Sauna', 'Spa', 'Gazebo']",https://www.99acres.com/m3m-antalya-hills-sector-79-gurgaon-npxid-r402610
13,Signature Global City 81,"['Swimming Pool', 'Flower Garden', 'Jacuzzi', 'Wi-Fi Connectivity', 'Amphitheatre', 'Power Back up Lift', 'Vastu Compliant', 'Basketball Court', 'Badminton Court']",https://www.99acres.com/signature-global-city-81-sector-81-gurgaon-npxid-r380265
14,SS Linden Floors,"['Swimming Pool', 'School', 'Entrance Lobby', 'CCTV Camera Security', 'Club House', 'Gated Community', 'Landscape Garden', 'Lift(s)', 'Car Parking']",https://www.99acres.com/ss-linden-floors-sector-84-gurgaon-npxid-r383068
15,Mahindra Luminare,"['Swimming Pool', 'Card Room', 'Restaurant', 'Spa', 'Squash Court', 'Gazebo', 'Banquet Hall', 'Lawn Tennis Court', 'Amphitheatre']",https://www.99acres.com/mahindra-luminare-sector-59-gurgaon-npxid-r62235
16,M3M Golf Hills,"['Salon', 'Spa', 'Cricket Pitch', 'Lawn Tennis Court', 'Amphitheatre', 'Basketball Court', 'Badminton Court', 'Entrance Lobby', 'Yoga/Meditation Area']",https://www.99acres.com/m3m-golf-hills-sector-79-gurgaon-npxid-r405181
17,Suncity Vatsal Valley,"['Earthquake Resistant', 'Vastu Compliant', 'Entrance Lobby', '24/7 Power Backup', '24/7 Water Supply', 'Landscape Garden', ""Children's Play Area"", 'Lift(s)', 'Car Parking']",https://www.99acres.com/suncity-vatsal-valley-gwal-pahari-gurgaon-npxid-r383788
18,Whiteland Blissville,"['Lounge', 'Barbecue', 'Creche/Day care', 'Yoga/Meditation Area', 'Club House', 'Gymnasium', 'Landscape Garden', ""Children's Play Area"", 'Lift(s)']",https://www.99acres.com/whiteland-blissville-sector-76-gurgaon-npxid-r396984
19,Trump Tower,"['Valet Parking', 'Foosball', 'Concierge Service', 'Infinity Pool', 'Swimming Pool', 'Bar/Chill-Out Lounge', 'Business Lounge', 'Laundry', 'Cigar Lounge']",https://www.99acres.com/trump-tower-sector-65-gurgaon-npxid-r296597
20,Tulip Monsella,"['Mini Theatre', 'Swimming Pool', 'Bar/Chill-Out Lounge', 'Business Lounge', 'Cigar Lounge', 'Golf Course', 'School', 'Card Room', 'Restaurant']",https://www.99acres.com/tulip-monsella-sector-53-gurgaon-npxid-r390137
21,Krisumi Waterfall Residences,"['Concierge Service', 'Swimming Pool', 'Bar/Chill-Out Lounge', 'Salon', 'Restaurant', 'Terrace Garden', 'Pergola', 'Jacuzzi', 'Piped Gas']",https://www.99acres.com/krisumi-waterfall-residences-sector-36a-gurgaon-npxid-r331957
22,PropertyName,TopFacilities,Link
23,M3M Capital,"['Swimming Pool', 'Lounge', 'Bar/Chill-Out Lounge', 'ATM', 'Aerobics Centre', 'Restaurant', 'Sauna', 'Spa', 'Skating Rink']",https://www.99acres.com/m3m-capital-sector-113-gurgaon-npxid-r385121
24,Godrej Meridien,"['Valet Parking', 'Mini Theatre', 'Concierge Service', 'Swimming Pool', 'Bar/Chill-Out Lounge', 'Medical Centre', 'Flower Garden', 'Reflexology Park', 'School']",https://www.99acres.com/godrej-meridien-sector-106-gurgaon-npxid-r306651
25,La Vida by Tata Housing,"['Mini Theatre', 'Natural Pond', 'Swimming Pool', 'Card Room', 'Sauna', 'Spa', 'Squash Court', 'Cricket Pitch', 'Sun Deck']",https://www.99acres.com/la-vida-by-tata-housing-sector-113-gurgaon-npxid-r265503
26,Birla Navya,"['Mini Theatre', 'Swimming Pool', 'Football', 'Lounge', 'Business Lounge', 'Flower Garden', 'Reflexology Park', 'Conference room', 'Salon']",https://www.99acres.com/birla-navya-sector-63a-gurgaon-npxid-r351013
27,Signature Global City,"['Swimming Pool', 'Reflexology Park', 'Jacuzzi', 'Skating Rink', 'Cricket Pitch', 'Multipurpose Court', 'Amphitheatre', 'Toddler Pool', 'Basketball Court']",https://www.99acres.com/signature-global-city-sector-37d-gurgaon-npxid-r378934
28,Godrej 101,"['Air Hockey', 'Acupressure Park', 'Foosball', 'Swimming Pool', 'Football', 'Reading Lounge', 'Golf Course', 'Volley Ball Court', 'ATM']",https://www.99acres.com/godrej-101-sector-79-gurgaon-npxid-r213249
29,M3M Soulitude,"['Swimming Pool', 'Lounge', 'Bar/Chill-Out Lounge', 'Solar Lighting', 'Aerobics Centre', 'Restaurant', 'Terrace Garden', 'Piped Gas', 'Theatre']",https://www.99acres.com/m3m-soulitude-sector-89-gurgaon-npxid-r378131
30,BPTP Terra,"['Swimming Pool', 'Bar/Chill-Out Lounge', 'Waiting Lounge', 'Fountain', 'Sun Deck', 'Toddler Pool', 'Community Hall', 'Yoga/Meditation Area', 'Rain Water Harvesting']",https://www.99acres.com/bptp-terra-sector-37d-gurgaon-npxid-r5360
31,M3M Skycity,"['Bus Shelter', 'Swimming Pool', 'Lounge', 'Bar/Chill-Out Lounge', 'Reflexology Park', 'School', 'Aerobics Centre', 'Terrace Garden', 'High Speed Elevators']",https://www.99acres.com/m3m-skycity-sector-65-gurgaon-npxid-r326899
32,MRG The Crown,"['Swimming Pool', 'Visitors Parking', 'Skating Rink', 'Cricket Pitch', 'Basketball Court', 'Sewage Treatment Plant', 'Jogging Track', 'Club House', 'Gated Community']",https://www.99acres.com/mrg-the-crown-sector-106-gurgaon-npxid-r405486
33,Godrej Nature Plus Serenity,"['Reflexology Park', 'RO System', 'Restaurant', 'Theatre', 'Amphitheatre', 'Badminton Court', 'Entrance Lobby', 'Multipurpose Hall', 'Yoga/Meditation Area']",https://www.99acres.com/godrej-nature-plus-serenity-sector-33-sohna-gurgaon-npxid-r379974
34,SS The Leaf,"['Valet Parking', 'Swimming Pool', 'Football', 'Business Lounge', 'Medical Centre', 'Flower Garden', 'School', 'Squash Court', 'Wi-Fi Connectivity']",https://www.99acres.com/ss-the-leaf-sector-85-gurgaon-npxid-r5098
35,Eldeco Acclaim,"['Swimming Pool', 'Restaurant', 'Piped Gas', 'Squash Court', 'Gazebo', 'Property Staff', 'Billiards', 'Sun Deck', 'Lawn Tennis Court']",https://www.99acres.com/eldeco-acclaim-sohna-gurgaon-npxid-r369999
36,Emaar Gurgaon Greens,"['Swimming Pool', 'Flower Garden', 'Golf Course', 'Solar Lighting', 'Pergola', 'Property Staff', 'Cafeteria', 'Fountain', 'Lawn Tennis Court']",https://www.99acres.com/emaar-gurgaon-greens-sector-102-gurgaon-npxid-r2066
37,Oxirich Chintamanis,"['Swimming Pool', 'Entrance Lobby', 'Yoga/Meditation Area', '24/7 Power Backup', 'Gated Community', 'Gymnasium', ""Children's Play Area"", 'Car Parking']",https://www.99acres.com/oxirich-chintamanis-sector-103-gurgaon-npxid-r405511
38,DLF Garden City Floors,"['Swimming Pool', 'Bar/Chill-Out Lounge', 'School', 'Spa', 'Grocery Shop', 'Squash Court', 'Shopping Centre', 'Power Back up Lift', 'CCTV Camera Security']",https://www.99acres.com/dlf-garden-city-floors-sector-92-gurgaon-npxid-r376177
39,Anant Raj Estates,"['Swimming Pool', 'Golf Course', 'Salon', 'Restaurant', 'Spa', 'Water Softener Plant', 'Grocery Shop', 'Shopping Centre', 'Cricket Pitch']",https://www.99acres.com/anant-raj-estates-sector-63a-gurgaon-npxid-r2862
40,Tulip Yellow,"['Swimming Pool', 'High Speed Elevators', 'Waiting Lounge', 'Skating Rink', 'Grocery Shop', 'Wi-Fi Connectivity', 'Cafeteria', 'Fountain', 'Cricket Pitch']",https://www.99acres.com/tulip-yellow-sector-69-gurgaon-npxid-r344503
41,BPTP Amstoria,"['Swimming Pool', 'Business Lounge', 'Golf Course', 'Barbecue', 'Restaurant', 'Pergola', 'Spa', 'Squash Court', 'Theatre']",https://www.99acres.com/bptp-amstoria-sector-102-gurgaon-npxid-r26134
42,Emaar Emerald Hills,"['Milk Booth', 'Swimming Pool', 'Bar/Chill-Out Lounge', 'Cigar Lounge', 'Changing Area', 'School', 'Aerobics Centre', 'Card Room', 'Restaurant']",https://www.99acres.com/emaar-emerald-hills-sector-65-gurgaon-npxid-r32692
43,M3M Golfestate,"['Mini Theatre', 'Doctor on Call', 'Beach Volley Ball Court', 'Air Hockey', 'Automated Car Wash', 'Clinic', 'Foosball', 'Concierge Service', 'Car wash area']",https://www.99acres.com/m3m-golfestate-sector-65-gurgaon-npxid-r1030
44,ATS Triumph,"['Concierge Service', 'Swimming Pool', 'Changing Area', 'ATM', 'Sauna', 'Water Softener Plant', 'Skating Rink', 'Wi-Fi Connectivity', 'Property Staff']",https://www.99acres.com/ats-triumph-sector-104-gurgaon-npxid-r25860
45,ATS Marigold,"['Swimming Pool', 'Reflexology Park', 'Squash Court', 'Shopping Centre', 'Lawn Tennis Court', 'Power Back up Lift', 'Community Hall', 'Basketball Court', 'Entrance Lobby']",https://www.99acres.com/ats-marigold-sector-89-a-gurgaon-npxid-r10548
46,Signature Global City 37D Ph 2,"['Swimming Pool', 'Shopping Centre', 'Sun Deck', 'Yoga/Meditation Area', 'Sewage Treatment Plant', 'Jogging Track', 'Rain Water Harvesting', 'Club House', '24/7 Power Backup']",https://www.99acres.com/signature-global-city-37d-ph-2-sector-37d-gurgaon-npxid-r396484
47,DLF Alameda,"['Clinic', 'Swimming Pool', 'Medical Centre', 'School', 'Card Room', 'Restaurant', 'Squash Court', 'Theatre', 'Gazebo']",https://www.99acres.com/dlf-alameda-sector-73-gurgaon-npxid-r1229
48,Experion Windchants,"['Mini Theatre', 'Air Hockey', 'Foosball', 'Natural Pond', 'Swimming Pool', 'Reading Lounge', 'Conference room', 'Solar Lighting', 'Card Room']",https://www.99acres.com/experion-windchants-sector-112-gurgaon-npxid-r4342
49,Saan Verdante,"['Automated Car Wash', 'Swimming Pool', 'Laundry', 'Reading Lounge', 'Card Room', 'Restaurant', 'Piped Gas', 'Property Staff', 'Cafeteria']",https://www.99acres.com/saan-verdante-sector-95-gurgaon-npxid-r146207
50,4S Aradhya Homes,"['Swimming Pool', 'Bar/Chill-Out Lounge', 'Terrace Garden', 'Piped Gas', 'Cafeteria', 'Table Tennis', 'Badminton Court', 'Jogging Track', 'Club House']",https://www.99acres.com/4s-aradhya-homes-sector-67a-gurgaon-npxid-r374154
51,Yash Vihar,"['Solar Lighting', 'Pergola', 'Skating Rink', 'Fountain', 'Shopping Centre', 'Cricket Pitch', 'Amphitheatre', 'Sewage Treatment Plant', 'CCTV Camera Security']",https://www.99acres.com/yash-vihar-pataudi-gurgaon-npxid-r371696
52,Smart World Orchard,"['Mini Theatre', 'Swimming Pool', 'Lounge', 'Bar/Chill-Out Lounge', 'Medical Centre', 'Conference room', 'Salon', 'Aerobics Centre', 'Visitors Parking']",https://www.99acres.com/smart-world-orchard-sector-61-gurgaon-npxid-r376088
53,DLF The Camellias,"['Concierge Service', 'Swimming Pool', 'Golf Course', 'Visitors Parking', 'Restaurant', 'Waiting Lounge', 'Sauna', 'Spa', 'Water Softener Plant']",https://www.99acres.com/dlf-the-camellias-sector-42-gurgaon-npxid-r129601
54,Birla Navya Avik,"['Football', 'Skating Rink', 'Cricket Pitch', 'Amphitheatre', 'Basketball Court', 'Badminton Court', 'Yoga/Meditation Area', 'Gymnasium', 'Landscape Garden']",https://www.99acres.com/birla-navya-avik-sector-63a-gurgaon-npxid-r409743
55,Adani Samsara Avasa,"['Natural Pond', 'Swimming Pool', 'Terrace Garden', 'Pergola', 'Sauna', 'Spa', 'Fountain', 'Sun Deck', 'Video Door Security']",https://www.99acres.com/adani-samsara-avasa-sector-63-gurgaon-npxid-r403842
56,DLF The Crest,"['Swimming Pool', 'Bar/Chill-Out Lounge', 'Flower Garden', 'Reading Lounge', 'Salon', 'Card Room', 'Solar Water Heating', 'Restaurant', 'Spa']",https://www.99acres.com/dlf-the-crest-sector-54-gurgaon-npxid-r8664
57,DLF The Magnolias,"['Mini Theatre', 'Swimming Pool', 'Football', 'Bar/Chill-Out Lounge', 'Business Lounge', 'Salon', 'Restaurant', 'Spa', 'Water Softener Plant']",https://www.99acres.com/dlf-the-magnolias-sector-42-gurgaon-npxid-r660
58,DLF The Aralias,"['Concierge Service', 'Swimming Pool', 'Restaurant', 'Spa', 'Skating Rink', 'Squash Court', 'Theatre', 'Pool Table', 'Property Staff']",https://www.99acres.com/dlf-the-aralias-sector-42-gurgaon-npxid-r12158
59,Ansal API Esencia,"['Swimming Pool', 'Laundry', 'School', 'Solar Lighting', 'Terrace Garden', 'Creche/Day care', 'Grocery Shop', 'Shopping Centre', 'Video Door Security']",https://www.99acres.com/ansal-api-esencia-sector-67-gurgaon-npxid-r3568
60,Pioneer Araya,"['Foosball', 'Concierge Service', 'Infinity Pool', 'Swimming Pool', 'Bar/Chill-Out Lounge', 'Business Lounge', 'Reading Lounge', 'Salon', 'Card Room']",https://www.99acres.com/pioneer-araya-sector-62-gurgaon-npxid-r1325
61,M3M Merlin,"['Beach Volley Ball Court', 'Automated Car Wash', 'Swimming Pool', 'Laundry', 'Flower Garden', 'Reflexology Park', 'Golf Course', 'Volley Ball Court', 'Salon']",https://www.99acres.com/m3m-merlin-sector-67-gurgaon-npxid-r1191
62,Smart World Gems,"['Swimming Pool', 'Lounge', 'Aerobics Centre', 'Terrace Garden', 'Piped Gas', 'Squash Court', 'Gazebo', 'Wi-Fi Connectivity', 'Sun Deck']",https://www.99acres.com/smart-world-gems-sector-89-gurgaon-npxid-r378133
63,Vatika Aspiration,"['Grocery Shop', 'Community Hall', 'Sewage Treatment Plant', 'Rain Water Harvesting', 'Gated Community', 'Gymnasium', 'Landscape Garden', ""Children's Play Area"", 'Internal Street Lights']",https://www.99acres.com/vatika-aspiration-sector-88b-gurgaon-npxid-r401506
64,Ace Palm Floors,"['Swimming Pool', 'Fountain', 'Sun Deck', 'Amphitheatre', 'Yoga/Meditation Area', 'Club House', 'Gated Community', 'Landscape Garden', ""Children's Play Area""]",https://www.99acres.com/ace-palm-floors-sector-89-gurgaon-npxid-r375877
65,DLF Gardencity Enclave,"['Shopping Centre', 'Community Hall', 'Sewage Treatment Plant', '24x7 Security', 'Club House', ""Children's Play Area"", 'Internal Street Lights', 'Fire Fighting Systems']",https://www.99acres.com/dlf-gardencity-enclave-sector-93-gurgaon-npxid-r392732
66,Emaar Palm Heights,"['Swimming Pool', 'Waiting Lounge', 'Creche/Day care', 'Sun Deck', 'Lawn Tennis Court', 'Toddler Pool', 'Basketball Court', 'Badminton Court', 'Entrance Lobby']",https://www.99acres.com/emaar-palm-heights-sector-77-gurgaon-npxid-r319909
67,Signature Global Park,"['Swimming Pool', 'Gazebo', 'Amphitheatre', 'Basketball Court', 'Badminton Court', 'Multipurpose Hall', 'Yoga/Meditation Area', 'Jogging Track', 'Gymnasium']",https://www.99acres.com/signature-global-park-sohna-gurgaon-npxid-r330597
68,Emaar MGF Marbella,"['Bowling Alley', 'Mini Theatre', 'Concierge Service', 'Swimming Pool', 'Lounge', 'Bar/Chill-Out Lounge', 'Cigar Lounge', 'Changing Area', 'Salon']",https://www.99acres.com/emaar-mgf-marbella-sector-66-gurgaon-npxid-r1134
69,Rishali Luxe Residency 112,"['Community Hall', 'Sewage Treatment Plant', 'Rain Water Harvesting', 'Club House', '24/7 Power Backup', 'Gated Community', '24/7 Water Supply', ""Children's Play Area"", 'Garbage Disposal']",https://www.99acres.com/rishali-luxe-residency-112-sector-112-gurgaon-npxid-r409012
70,Puri The Aravallis,"['Foosball', 'Infinity Pool', 'Swimming Pool', 'Football', 'Jacuzzi', 'Cricket Pitch', 'Sun Deck', 'Lawn Tennis Court', 'Amphitheatre']",https://www.99acres.com/puri-the-aravallis-sector-61-gurgaon-npxid-r396420
71,International City by SOBHA Phase 2,"['Swimming Pool', 'Theater Home', 'School', 'Solar Lighting', 'Restaurant', 'Terrace Garden', 'Jacuzzi', 'Piped Gas', 'Squash Court']",https://www.99acres.com/international-city-by-sobha-phase-2-sector-109-gurgaon-npxid-r259717
72,Emaar MGF The Palm Drive,"['Swimming Pool', 'Theater Home', 'Bar/Chill-Out Lounge', 'Cigar Lounge', 'Reading Lounge', 'Reflexology Park', 'Golf Course', 'Changing Area', 'School']",https://www.99acres.com/emaar-mgf-the-palm-drive-sector-66-gurgaon-npxid-r19
73,BPTP Green Oaks,"['Community Hall', 'Club House', 'Landscape Garden']",https://www.99acres.com/bptp-green-oaks-sector-70a-gurgaon-npxid-r382679
74,Puri Emerald Bay,"['Swimming Pool', 'Theatre', 'Wi-Fi Connectivity', 'Cafeteria', 'Billiards', 'Lawn Tennis Court', 'Video Door Security', 'Multipurpose Court', 'Amphitheatre']",https://www.99acres.com/puri-emerald-bay-sector-104-gurgaon-npxid-r5456
75,Ireo Victory Valley,"['Swimming Pool', 'Football', 'Bar/Chill-Out Lounge', 'Flower Garden', 'Reading Lounge', 'Golf Course', 'Conference room', 'School', 'Salon']",https://www.99acres.com/ireo-victory-valley-sector-67-gurgaon-npxid-r871
76,DLF Gardencity,"['Swimming Pool', 'Bar/Chill-Out Lounge', 'School', 'Restaurant', 'Spa', 'Squash Court', 'Theatre', 'Cafeteria', 'Fountain']",https://www.99acres.com/dlf-gardencity-sector-91-gurgaon-npxid-r1193
77,Tata Primanti,"['Swimming Pool', 'Changing Area', 'School', 'Card Room', 'Restaurant', 'Sauna', 'Jacuzzi', 'Piped Gas', 'Steam Room']",https://www.99acres.com/tata-primanti-sector-72-gurgaon-npxid-r1148
78,DLF Park Place,"['Mini Theatre', 'Swimming Pool', 'Theater Home', 'Business Lounge', 'Laundry', 'Changing Area', 'School', 'Salon', 'RO System']",https://www.99acres.com/dlf-park-place-sector-54-gurgaon-npxid-r8
79,Central Park Flower Valley,"['Swimming Pool', 'Reading Lounge', 'Reflexology Park', 'Golf Course', 'Aerobics Centre', 'Sauna', 'Jacuzzi', 'Steam Room', 'Creche/Day care']",https://www.99acres.com/central-park-flower-valley-sector-33-sohna-gurgaon-npxid-r22052
80,Ireo Skyon,"['Swimming Pool', 'Golf Course', 'Changing Area', 'School', 'Restaurant', 'High Speed Elevators', 'Piped Gas', 'Steam Room', 'Squash Court']",https://www.99acres.com/ireo-skyon-sector-60-gurgaon-npxid-r1147
81,AIPL The Peaceful Homes,"['Automated Car Wash', 'Concierge Service', 'Swimming Pool', 'Football', 'Bar/Chill-Out Lounge', 'Reading Lounge', 'Golf Course', 'Volley Ball Court', 'Salon']",https://www.99acres.com/aipl-the-peaceful-homes-sector-70a-gurgaon-npxid-r3480
82,Adani M2K Oyster Grande,"['Swimming Pool', 'Changing Area', 'School', 'Salon', 'ATM', 'Aerobics Centre', 'Card Room', 'Solar Water Heating', 'Waiting Lounge']",https://www.99acres.com/adani-m2k-oyster-grande-sector-102-gurgaon-npxid-r4904
83,G99,"['Milk Booth', 'Manicured Garden', 'Swimming Pool', 'Football', 'Flower Garden', 'School', 'Restaurant', 'Pergola', 'Skating Rink']",https://www.99acres.com/g99-sector-99-gurgaon-npxid-r1561
84,Emaar MGF Emerald Floors Premier,"['Clinic', 'Swimming Pool', 'School', 'Piped Gas', 'Creche/Day care', 'Theatre', 'Shopping Centre', 'Lawn Tennis Court', 'Jogging Track']",https://www.99acres.com/emaar-mgf-emerald-floors-premier-sector-65-gurgaon-npxid-r652
85,ROF Insignia Park,"['Swimming Pool', 'Skating Rink', 'Grocery Shop', 'Gazebo', 'Cricket Pitch', 'Lawn Tennis Court', 'Amphitheatre', 'Basketball Court', 'Badminton Court']",https://www.99acres.com/rof-insignia-park-sector-93-gurgaon-npxid-r383406
86,DLF The Ultima,"['Mini Theatre', 'Swimming Pool', 'Theater Home', 'Football', 'Bar/Chill-Out Lounge', 'Flower Garden', 'Reading Lounge', 'Golf Course', 'Changing Area']",https://www.99acres.com/dlf-the-ultima-sector-81-gurgaon-npxid-r7182
87,Indiabulls Enigma,"['Swimming Pool', 'Aerobics Centre', 'Barbecue', 'Restaurant', 'Pergola', 'Spa', 'Pool Table', 'Cafeteria', 'Sun Deck']",https://www.99acres.com/indiabulls-enigma-sector-110-gurgaon-npxid-r31904
88,Experion The Westerlies,"['Swimming Pool', 'Reflexology Park', 'Barbecue', 'Terrace Garden', 'Gazebo', 'Fountain', 'Sun Deck', 'Amphitheatre', 'Power Back up Lift']",https://www.99acres.com/experion-the-westerlies-sector-108-gurgaon-npxid-r18410
89,Hero Homes,"['Swimming Pool', 'Bar/Chill-Out Lounge', 'Reading Lounge', 'Reflexology Park', 'Card Room', 'Barbecue', 'Restaurant', 'Sauna', 'Spa']",https://www.99acres.com/hero-homes-sector-104-gurgaon-npxid-r318679
90,Central Park Flower Valley Mikasa Plots,"['Bowling Alley', 'Concierge Service', 'Swimming Pool', 'Lounge', 'Medical Centre', 'Laundry', 'Flower Garden', 'Reflexology Park', 'Golf Course']",https://www.99acres.com/central-park-flower-valley-mikasa-plots-sector-33-sohna-gurgaon-npxid-r308685
91,M3M Skywalk,"['Concierge Service', 'Swimming Pool', 'Lounge', 'Golf Course', 'Changing Area', 'Aerobics Centre', 'Restaurant', 'High Speed Elevators', 'Waiting Lounge']",https://www.99acres.com/m3m-skywalk-sector-74-gurgaon-npxid-r368291
92,Ireo The Grand Arch,"['Bowling Alley', 'Swimming Pool', 'Football', 'Restaurant', 'Waiting Lounge', 'Piped Gas', 'Water Softener Plant', 'Creche/Day care', 'Squash Court']",https://www.99acres.com/ireo-the-grand-arch-sector-58-gurgaon-npxid-r659
93,JMS The Nation,"['Yoga/Meditation Area', 'Gated Community', ""Children's Play Area""]",https://www.99acres.com/jms-the-nation-sector-95-gurgaon-npxid-r389082
94,Imperia The Esfera,"['Food Court', 'Swimming Pool', 'Reading Lounge', 'Aerobics Centre', 'Restaurant', 'Water Softener Plant', 'Property Staff', 'Banquet Hall', 'Library']",https://www.99acres.com/imperia-the-esfera-sector-37c-gurgaon-npxid-r1580
95,Ramprastha Primera,"['Swimming Pool', 'Water Softener Plant', 'Theatre', 'Shopping Centre', 'Video Door Security', 'Multipurpose Court', 'Vastu Compliant', 'Multipurpose Hall', 'Yoga/Meditation Area']",https://www.99acres.com/ramprastha-primera-sector-37d-gurgaon-npxid-r4640
96,Experion The Heartsong,"['Manicured Garden', 'Bus Shelter', 'Clinic', 'Natural Pond', 'Car wash area', 'Swimming Pool', 'Bar/Chill-Out Lounge', 'Medical Centre', 'Reading Lounge']",https://www.99acres.com/experion-the-heartsong-sector-108-gurgaon-npxid-r6502
97,DLF New Town Heights 2,"['Swimming Pool', 'Pergola', 'Piped Gas', 'Grocery Shop', 'Cafeteria', 'Fountain', 'Sun Deck', 'Lawn Tennis Court', 'Multipurpose Court']",https://www.99acres.com/dlf-new-town-heights-2-sector-86-gurgaon-npxid-r23690
98,DLF The Primus,"['Swimming Pool', 'School', 'Aerobics Centre', 'Restaurant', 'Pergola', 'Waiting Lounge', 'Sauna', 'Steam Room', 'Squash Court']",https://www.99acres.com/dlf-the-primus-sector-82a-gurgaon-npxid-r4470
99,DLF The Skycourt,"['Swimming Pool', 'Flower Garden', 'School', 'Solar Lighting', 'Card Room', 'Solar Water Heating', 'Restaurant', 'Terrace Garden', 'Piped Gas']",https://www.99acres.com/dlf-the-skycourt-sector-86-gurgaon-npxid-r6136
100,Central Park Resorts,"['Swimming Pool', 'Golf Course', 'ATM', 'Restaurant', 'Waiting Lounge', 'Cafeteria', 'Shopping Centre', 'Video Door Security', 'Multipurpose Court']",https://www.99acres.com/central-park-resorts-sector-48-gurgaon-npxid-r6802
101,Suncity Avenue 76,"['School', 'High Speed Elevators', 'Creche/Day care', 'Shopping Centre', 'Cricket Pitch', 'Amphitheatre', 'Earthquake Resistant', 'Power Back up Lift', 'Party Lawn']",https://www.99acres.com/suncity-avenue-76-sector-76-gurgaon-npxid-r343747
102,International City by Sobha Phase 1,"['Infinity Pool', 'Swimming Pool', 'Salon', 'Aerobics Centre', 'Card Room', 'Restaurant', 'Terrace Garden', 'Pergola', 'Sauna']",https://www.99acres.com/international-city-by-sobha-phase-1-sector-109-gurgaon-npxid-r1204
103,Ambience Creacions,"['Doctor on Call', 'Bus Shelter', 'Food Court', 'Swimming Pool', 'Football', 'Bar/Chill-Out Lounge', 'Business Lounge', 'Medical Centre', 'Flower Garden']",https://www.99acres.com/ambience-creacions-sector-22-gurgaon-npxid-r39908
104,Vatika Xpressions,"['Swimming Pool', 'ATM', 'Creche/Day care', 'Grocery Shop', 'Property Staff', 'Billiards', 'Lawn Tennis Court', 'Video Door Security', 'Multipurpose Court']",https://www.99acres.com/vatika-xpressions-sector-88b-gurgaon-npxid-r15060
105,M3M Sierra 68,"['Swimming Pool', 'Restaurant', 'High Speed Elevators', 'Piped Gas', 'Property Staff', 'Cafeteria', 'Fountain', 'Sun Deck', 'Lawn Tennis Court']",https://www.99acres.com/m3m-sierra-68-sector-68-gurgaon-npxid-r211327
106,Anand Niketan,"['Manicured Garden', 'Swimming Pool', 'Grocery Shop', 'Gazebo', 'Fountain', 'Cricket Pitch', 'Basketball Court', 'Yoga/Meditation Area', 'CCTV Camera Security']",https://www.99acres.com/anand-niketan-sector-2-sohna-gurgaon-npxid-r409033
107,DLF The Belaire,"['Clinic', 'Swimming Pool', 'Theater Home', 'School', 'Aerobics Centre', 'Card Room', 'Restaurant', 'Pergola', 'High Speed Elevators']",https://www.99acres.com/dlf-the-belaire-sector-54-gurgaon-npxid-r12
108,Godrej Aria,"['Swimming Pool', 'School', 'Spa', 'Squash Court', 'Property Staff', 'Library', 'Cricket Pitch', 'Lawn Tennis Court', 'Multipurpose Court']",https://www.99acres.com/godrej-aria-sector-79-gurgaon-npxid-r55428
109,Ansals Shiva Som Valley,"['Yoga/Meditation Area', 'Sewage Treatment Plant', 'CCTV Camera Security', 'Jogging Track', '24x7 Security', 'Gymnasium', '24/7 Water Supply', 'Landscape Garden', ""Children's Play Area""]",https://www.99acres.com/ansals-shiva-som-valley-sector-35-sohna-gurgaon-npxid-r377672
110,Vipul World,"['Swimming Pool', 'School', 'Wi-Fi Connectivity', 'Property Staff', 'Amphitheatre', 'Yoga/Meditation Area', 'Rain Water Harvesting', 'Club House', '24/7 Power Backup']",https://www.99acres.com/vipul-world-sector-48-gurgaon-npxid-r37528
111,Central Park Flower Valley Aqua Front Towers,"['Doctor on Call', 'Swimming Pool', 'Golf Course', 'Restaurant', 'Sauna', 'Jacuzzi', 'Spa', 'Grocery Shop', 'Gazebo']",https://www.99acres.com/central-park-flower-valley-aqua-front-towers-sector-33-sohna-gurgaon-npxid-r269936
112,Tulip Violet,"['Bus Shelter', 'Swimming Pool', 'Lounge', 'Golf Course', 'Changing Area', 'Gazebo', 'Cafeteria', 'Fountain', 'Video Door Security']",https://www.99acres.com/tulip-violet-sector-69-gurgaon-npxid-r1013
113,Eldeco Accolade,"['Valet Parking', 'Swimming Pool', 'Football', 'Laundry', 'Flower Garden', 'School', 'ATM', 'Card Room', 'Jacuzzi']",https://www.99acres.com/eldeco-accolade-sohna-gurgaon-npxid-r71167
114,M3M Natura,"['Swimming Pool', 'Football', 'Bar/Chill-Out Lounge', 'Salon', 'Terrace Garden', 'High Speed Elevators', 'Spa', 'Cafeteria', 'Sun Deck']",https://www.99acres.com/m3m-natura-sector-68-gurgaon-npxid-r327791
115,Emaar Imperial Gardens,"['Swimming Pool', 'School', 'Pergola', 'Wi-Fi Connectivity', 'Property Staff', 'Cafeteria', 'Shopping Centre', 'Library', 'Sun Deck']",https://www.99acres.com/emaar-imperial-gardens-sector-102-gurgaon-npxid-r5358
116,Ireo City Plots,"['Swimming Pool', 'Salon', 'Banquet Hall', 'Lawn Tennis Court', 'Amphitheatre', 'Jogging Track', '24x7 Security', 'Club House', '24/7 Power Backup']",https://www.99acres.com/ireo-city-plots-sector-60-gurgaon-npxid-r10720
117,Parsvnath Exotica,"['Swimming Pool', 'Golf Course', 'Card Room', 'Piped Gas', 'Squash Court', 'Billiards', 'Video Door Security', 'Basketball Court', 'Entrance Lobby']",https://www.99acres.com/parsvnath-exotica-sector-53-gurgaon-npxid-r11
118,Pioneer Urban Presidia,"['Swimming Pool', 'Football', 'Bar/Chill-Out Lounge', 'Reading Lounge', 'Golf Course', 'Restaurant', 'Terrace Garden', 'Spa', 'Skating Rink']",https://www.99acres.com/pioneer-urban-presidia-sector-62-gurgaon-npxid-r110
119,Suncity Platinum Towers,"['Mini Theatre', 'Automated Car Wash', 'Swimming Pool', 'Business Lounge', 'Salon', 'Card Room', 'Waiting Lounge', 'Sauna', 'Steam Room']",https://www.99acres.com/suncity-platinum-towers-mg-road-gurgaon-npxid-r308091
120,Godrej Nature Plus,"['Natural Pond', 'Swimming Pool', 'Skating Rink', 'Gazebo', 'Cafeteria', 'Billiards', 'Fountain', 'Shopping Centre', 'Cricket Pitch']",https://www.99acres.com/godrej-nature-plus-sector-33-sohna-gurgaon-npxid-r297055
121,Bestech Park View Grand Spa,"['Automated Car Wash', 'Acupressure Park', 'Swimming Pool', 'Golf Course', 'Salon', 'Card Room', 'Restaurant', 'High Speed Elevators', 'Waiting Lounge']",https://www.99acres.com/bestech-park-view-grand-spa-sector-81-gurgaon-npxid-r2086
122,Shree Vardhman Victoria,"['Bus Shelter', 'Swimming Pool', 'School', 'Card Room', 'Pergola', 'High Speed Elevators', 'Sauna', 'Steam Room', 'Water Softener Plant']",https://www.99acres.com/shree-vardhman-victoria-sector-70-gurgaon-npxid-r28294
123,Silverglades The Melia,"['Swimming Pool', 'Football', 'Bar/Chill-Out Lounge', 'Laundry', 'Reading Lounge', 'Golf Course', 'Conference room', 'Card Room', 'Restaurant']",https://www.99acres.com/silverglades-the-melia-sohna-gurgaon-npxid-r26828
124,Shree Vardhman Flora,"['Swimming Pool', 'School', 'Sauna', 'Steam Room', 'Billiards', 'Fountain', 'Shopping Centre', 'Lawn Tennis Court', 'Earthquake Resistant']",https://www.99acres.com/shree-vardhman-flora-sector-90-gurgaon-npxid-r28296
125,Vatika Seven Elements,"['Valet Parking', 'Food Court', 'Swimming Pool', 'Business Lounge', 'School', 'Restaurant', 'Pergola', 'Grocery Shop', 'Squash Court']",https://www.99acres.com/vatika-seven-elements-sector-89-a-gurgaon-npxid-r7746
126,Bellavista Central Park Resorts,"['Mini Theatre', 'Infinity Pool', 'Lounge', 'Restaurant', 'High Speed Elevators', 'Sauna', 'Jacuzzi', 'Spa', 'Water Softener Plant']",https://www.99acres.com/bellavista-central-park-resorts-sector-48-gurgaon-npxid-r343397
127,M3M Heights,"['Bus Shelter', 'Infinity Pool', 'Swimming Pool', 'Bar/Chill-Out Lounge', 'Reflexology Park', 'Aerobics Centre', 'Restaurant', 'Terrace Garden', 'High Speed Elevators']",https://www.99acres.com/m3m-heights-sector-65-gurgaon-npxid-r272921
128,Godrej Habitat,"['Mini Theatre', 'Foosball', 'Swimming Pool', 'Flower Garden', 'Salon', 'ATM', 'Card Room', 'Piped Gas', 'Grocery Shop']",https://www.99acres.com/godrej-habitat-sector-3-gurgaon-npxid-r326543
129,Adani Brahma Samsara,"['Swimming Pool', 'School', 'Restaurant', 'Spa', 'Skating Rink', 'Theatre', 'Pool Table', 'Billiards', 'Shopping Centre']",https://www.99acres.com/adani-brahma-samsara-sector-60-gurgaon-npxid-r271215
130,DLF The Grove,"['Swimming Pool', 'ATM', 'Creche/Day care', 'Wi-Fi Connectivity', 'Cafeteria', 'Community Hall', 'Entrance Lobby', 'Sewage Treatment Plant', 'CCTV Camera Security']",https://www.99acres.com/dlf-the-grove-dlf-phase-5-gurgaon-npxid-r391580
131,Corona Optus,"['Swimming Pool', 'School', 'Piped Gas', 'Skating Rink', 'Grocery Shop', 'Lawn Tennis Court', 'Multipurpose Court', 'Amphitheatre', 'Earthquake Resistant']",https://www.99acres.com/corona-optus-sector-37c-gurgaon-npxid-r2788
132,Central Park Flower Valley Flamingo Floors,"['Swimming Pool', 'Medical Centre', 'Golf Course', 'School', 'Restaurant', 'Sauna', 'Jacuzzi', 'Steam Room', 'Creche/Day care']",https://www.99acres.com/central-park-flower-valley-flamingo-floors-sector-33-sohna-gurgaon-npxid-r271483
133,ROF Insignia Park 2,"['Reflexology Park', 'Golf Course', 'Skating Rink', 'Gazebo', 'Cricket Pitch', 'Amphitheatre', 'Basketball Court', 'Badminton Court', 'Yoga/Meditation Area']",https://www.99acres.com/rof-insignia-park-2-sector-95-gurgaon-npxid-r394471
134,Indiabulls Centrum Park,"['Milk Booth', 'Clinic', 'Swimming Pool', 'Business Lounge', 'Medical Centre', 'Reading Lounge', 'School', 'Salon', 'ATM']",https://www.99acres.com/indiabulls-centrum-park-sector-103-gurgaon-npxid-r461
135,BPTP Fortuna,"['Gazebo', 'Sewage Treatment Plant', 'CCTV Camera Security', 'Club House', '24/7 Power Backup', 'Gated Community', 'Gymnasium', '24/7 Water Supply', 'Landscape Garden']",https://www.99acres.com/bptp-fortuna-sector-70a-gurgaon-npxid-r391135
136,Bestech Park View Spa Next,"['Swimming Pool', 'School', 'Piped Gas', 'Skating Rink', 'Grocery Shop', 'Shopping Centre', 'Cricket Pitch', 'Lawn Tennis Court', 'Amphitheatre']",https://www.99acres.com/bestech-park-view-spa-next-sector-67-gurgaon-npxid-r23724
137,DLF The Pinnacle,"['Swimming Pool', 'Sun Deck', 'Lawn Tennis Court', 'Earthquake Resistant', 'Party Lawn', 'Vastu Compliant', 'Basketball Court', 'Badminton Court', 'Entrance Lobby']",https://www.99acres.com/dlf-the-pinnacle-dlf-phase-5-gurgaon-npxid-r12068
138,Godrej Oasis,"['Bus Shelter', 'Concierge Service', 'Swimming Pool', 'Grocery Shop', 'Shopping Centre', 'Sun Deck', 'Lawn Tennis Court', 'Toddler Pool', 'Table Tennis']",https://www.99acres.com/godrej-oasis-sector-88a-gurgaon-npxid-r28232
139,Anant Raj Estate Plots,"['Swimming Pool', 'Restaurant', 'Spa', 'Shopping Centre', 'Yoga/Meditation Area', 'Sewage Treatment Plant', 'Rain Water Harvesting', 'Club House', '24/7 Power Backup']",https://www.99acres.com/anant-raj-estate-plots-sector-63-gurgaon-npxid-r368126
140,Mapsko The Icon 79,"['Mini Theatre', 'Swimming Pool', 'Bar/Chill-Out Lounge', 'Business Lounge', 'Spa', 'Steam Room', 'Squash Court', 'Cafeteria', 'Billiards']",https://www.99acres.com/mapsko-the-icon-79-sector-79-gurgaon-npxid-r408246
141,DLF Regal Gardens,"['Swimming Pool', 'School', 'Card Room', 'Solar Water Heating', 'Waiting Lounge', 'Theatre', 'Gazebo', 'Pool Table', 'Billiards']",https://www.99acres.com/dlf-regal-gardens-sector-90-gurgaon-npxid-r2718
142,DLF The Icon,"['Swimming Pool', 'Restaurant', 'Skating Rink', 'Wi-Fi Connectivity', 'Property Staff', 'Lawn Tennis Court', 'Video Door Security', 'Multipurpose Court', 'Power Back up Lift']",https://www.99acres.com/dlf-the-icon-dlf-phase-5-gurgaon-npxid-r26572
143,Vatika Sovereign Park,"['Swimming Pool', 'Terrace Garden', 'High Speed Elevators', 'Sauna', 'Piped Gas', 'Spa', 'Steam Room', 'Pool Table', 'Shopping Centre']",https://www.99acres.com/vatika-sovereign-park-sector-99-gurgaon-npxid-r25
144,Vatika Sovereign Next,"['Swimming Pool', 'Barbecue', 'Pergola', 'Sauna', 'Steam Room', 'Gazebo', 'Property Staff', 'Sun Deck', 'Earthquake Resistant']",https://www.99acres.com/vatika-sovereign-next-sector-82a-gurgaon-npxid-r39998
145,Central Park Flower Valley The Room,"['Swimming Pool', 'Laundry', 'ATM', 'Restaurant', 'Creche/Day care', 'Theatre', 'Wi-Fi Connectivity', 'Property Staff', 'Cafeteria']",https://www.99acres.com/central-park-flower-valley-the-room-sohna-gurgaon-npxid-r250617
146,M3M Sky Lofts,"['Bowling Alley', 'Swimming Pool', 'Lounge', 'Bar/Chill-Out Lounge', 'Golf Course', 'Conference room', 'Restaurant', 'Spa', 'Theatre']",https://www.99acres.com/m3m-sky-lofts-sector-71-gurgaon-npxid-r324823
147,Golden Park,"['Swimming Pool', 'Volley Ball Court', 'Pergola', 'Skating Rink', 'Fountain', 'Cricket Pitch', 'Sun Deck', 'Lawn Tennis Court', 'Basketball Court']",https://www.99acres.com/golden-park-sohna-gurgaon-npxid-r400381
148,Ireo Savannah,"['Multipurpose Court', 'Basketball Court', 'Badminton Court', 'Yoga/Meditation Area', 'Sewage Treatment Plant', 'CCTV Camera Security', 'Jogging Track', 'Rain Water Harvesting', '24x7 Security']",https://www.99acres.com/ireo-savannah-sector-35-sohna-gurgaon-npxid-r406279
149,Satya Merano Greens,"['Swimming Pool', 'Card Room', 'Cafeteria', 'Shopping Centre', 'Cricket Pitch', 'Sun Deck', 'Amphitheatre', 'Toddler Pool', 'Party Lawn']",https://www.99acres.com/satya-merano-greens-sector-99a-gurgaon-npxid-r382315
150,ATS Kocoon,"['Swimming Pool', 'Laundry', 'Changing Area', 'School', 'Salon', 'Visitors Parking', 'Creche/Day care', 'Squash Court', 'Wi-Fi Connectivity']",https://www.99acres.com/ats-kocoon-sector-109-gurgaon-npxid-r24656
151,Paras Quartier,"['Mini Theatre', 'Swimming Pool', 'Business Lounge', 'Volley Ball Court', 'RO System', 'Aerobics Centre', 'Card Room', 'Spa', 'Steam Room']",https://www.99acres.com/paras-quartier-gwal-pahari-gurgaon-npxid-r11794
152,Ashiana Amarah,"['Swimming Pool', 'Flower Garden', 'Library', 'Lawn Tennis Court', 'Amphitheatre', 'Basketball Court', 'Badminton Court', 'Entrance Lobby', 'Yoga/Meditation Area']",https://www.99acres.com/ashiana-amarah-sector-93-gurgaon-npxid-r396809
153,JMS Prime Land,"['Reflexology Park', 'Volley Ball Court', 'Skating Rink', 'Cricket Pitch', 'Amphitheatre', 'Party Lawn', 'Community Hall', 'Basketball Court', 'Badminton Court']",https://www.99acres.com/jms-prime-land-sector-95a-gurgaon-npxid-r374204
154,India Rashtra,"['Swimming Pool', 'CCTV Camera Security', '24x7 Security', 'Club House', 'Gated Community', 'Landscape Garden', 'Car Parking', 'Security Cabin']",https://www.99acres.com/india-rashtra-sector-88a-gurgaon-npxid-r403084
155,Vipul Tatvam Villa,"['Swimming Pool', 'Bar/Chill-Out Lounge', 'Pergola', 'Wi-Fi Connectivity', 'Property Staff', 'Cafeteria', 'Fountain', 'Lawn Tennis Court', 'Multipurpose Court']",https://www.99acres.com/vipul-tatvam-villa-sector-48-gurgaon-npxid-r33
156,Orris Woodview Residencies,"['Earthquake Resistant', 'Vastu Compliant', 'Yoga/Meditation Area', 'Indoor Games', 'Sewage Treatment Plant', 'CCTV Camera Security', 'Jogging Track', 'Rain Water Harvesting', '24x7 Security']",https://www.99acres.com/orris-woodview-residencies-sector-89-gurgaon-npxid-r136297
157,Emaar MGF Palm Hills,"['Swimming Pool', 'Business Lounge', 'Salon', 'ATM', 'High Speed Elevators', 'Spa', 'Creche/Day care', 'Grocery Shop', 'Cafeteria']",https://www.99acres.com/emaar-mgf-palm-hills-sector-77-gurgaon-npxid-r804
158,Vatika City,"['Swimming Pool', 'Bar/Chill-Out Lounge', 'Card Room', 'Restaurant', 'Creche/Day care', 'Grocery Shop', 'Cafeteria', 'Banquet Hall', 'Shopping Centre']",https://www.99acres.com/vatika-city-sector-49-gurgaon-npxid-r12222
159,DLF New Town Heights 1,"['Swimming Pool', 'Medical Centre', 'Changing Area', 'Sauna', 'Grocery Shop', 'Squash Court', 'Cafeteria', 'Shopping Centre', 'Library']",https://www.99acres.com/dlf-new-town-heights-1-sector-90-gurgaon-npxid-r62
160,Vatika Gurgaon 21,"['Swimming Pool', 'Flower Garden', 'School', 'RO System', 'Grocery Shop', 'Pool Table', 'Property Staff', 'Billiards', 'Shopping Centre']",https://www.99acres.com/vatika-gurgaon-21-sector-83-gurgaon-npxid-r1166
161,Signature The Roselia,"['Swimming Pool', 'Creche/Day care', 'Sun Deck', '24x7 Security', '24/7 Power Backup', 'Gated Community', '24/7 Water Supply', 'Landscape Garden', ""Children's Play Area""]",https://www.99acres.com/signature-the-roselia-sector-95a-gurgaon-npxid-r270741
162,Vatika Independent Floors,"['Swimming Pool', 'School', 'Solar Lighting', 'Piped Gas', 'Property Staff', 'Community Hall', 'CCTV Camera Security', 'Jogging Track', 'Rain Water Harvesting']",https://www.99acres.com/vatika-independent-floors-sector-82-gurgaon-npxid-r27152
163,Adani Tatva Estates,"['Pergola', 'Water Softener Plant', 'Skating Rink', 'Fountain', 'Cricket Pitch', 'Multipurpose Court', 'Amphitheatre', 'Basketball Court', 'Badminton Court']",https://www.99acres.com/adani-tatva-estates-sector-99a-gurgaon-npxid-r405543
164,Emaar Palm Gardens,"['Swimming Pool', 'Golf Course', 'School', 'Salon', 'Aerobics Centre', 'Card Room', 'Restaurant', 'Waiting Lounge', 'Spa']",https://www.99acres.com/emaar-palm-gardens-sector-83-gurgaon-npxid-r1080
165,Pareena Mi Casa,"['Mini Theatre', 'Natural Pond', 'Swimming Pool', 'Bar/Chill-Out Lounge', 'Flower Garden', 'School', 'Volley Ball Court', 'RO System', 'Visitors Parking']",https://www.99acres.com/pareena-mi-casa-sector-68-gurgaon-npxid-r22804
166,The Close North,"['Swimming Pool', 'Lounge', 'Business Lounge', 'Jacuzzi', 'Steam Room', 'Squash Court', 'Property Staff', 'Banquet Hall', 'Fountain']",https://www.99acres.com/the-close-north-nirvana-country-gurgaon-npxid-r10626
167,Emaar The Palm Springs,"['Mini Theatre', 'Swimming Pool', 'Lounge', 'Bar/Chill-Out Lounge', 'Medical Centre', 'Cigar Lounge', 'Changing Area', 'RO System', 'Aerobics Centre']",https://www.99acres.com/emaar-the-palm-springs-sector-54-gurgaon-npxid-r12084
168,BPTP Park Serene,"['Swimming Pool', 'Golf Course', 'Visitors Parking', 'Property Staff', 'Fountain', 'Lawn Tennis Court', 'Power Back up Lift', 'Toddler Pool', 'Vastu Compliant']",https://www.99acres.com/bptp-park-serene-sector-37d-gurgaon-npxid-r128
169,Orchid IVY Floors,"['Lounge', 'Entrance Lobby', 'CCTV Camera Security', '24x7 Security', '24/7 Power Backup', 'Gated Community', 'Gymnasium', '24/7 Water Supply', 'Landscape Garden']",https://www.99acres.com/orchid-ivy-floors-sector-51-gurgaon-npxid-r396842
170,ILD Greens,"['Swimming Pool', 'School', 'Aerobics Centre', 'Barbecue', 'Terrace Garden', 'Sauna', 'Water Softener Plant', 'Grocery Shop', 'Squash Court']",https://www.99acres.com/ild-greens-sector-37c-gurgaon-npxid-r145
171,Godrej Icon,"['Infinity Pool', 'Swimming Pool', 'Reflexology Park', 'Barbecue', 'Solar Water Heating', 'Spa', 'Squash Court', 'Gazebo', 'Billiards']",https://www.99acres.com/godrej-icon-sector-88a-gurgaon-npxid-r123001
172,Orris Aster Court Premier,"['Mini Theatre', 'Swimming Pool', 'Card Room', 'Cafeteria', 'Billiards', 'Banquet Hall', 'Library', 'Badminton Court', 'Gymnasium']",https://www.99acres.com/orris-aster-court-premier-sector-85-gurgaon-npxid-r304099
173,M3M Latitude,"['Infinity Pool', 'Swimming Pool', 'Terrace Garden', 'High Speed Elevators', 'Waiting Lounge', 'Sauna', 'Jacuzzi', 'Spa', 'Steam Room']",https://www.99acres.com/m3m-latitude-sector-65-gurgaon-npxid-r63915
174,Emaar MGF Emerald Estate,"['Swimming Pool', 'School', 'Piped Gas', 'Creche/Day care', 'Grocery Shop', 'Shopping Centre', 'Toddler Pool', 'Jogging Track', '24x7 Security']",https://www.99acres.com/emaar-mgf-emerald-estate-sector-65-gurgaon-npxid-r618
175,Green Court,"['Food Court', 'ATM', 'Restaurant', 'Creche/Day care', 'Grocery Shop', 'Fountain', 'Shopping Centre', 'Earthquake Resistant', 'Community Hall']",https://www.99acres.com/green-court-sector-90-gurgaon-npxid-r98486
176,TARC Maceo,"['Concierge Service', 'Natural Pond', 'Swimming Pool', 'Football', 'Bar/Chill-Out Lounge', 'Reflexology Park', 'Changing Area', 'School', 'Solar Lighting']",https://www.99acres.com/tarc-maceo-sector-91-gurgaon-npxid-r7810
177,Raheja Vanya,"['Swimming Pool', 'Card Room', 'Sauna', 'Spa', 'Theatre', 'Library', 'Cricket Pitch', 'Lawn Tennis Court', 'Community Hall']",https://www.99acres.com/raheja-vanya-sector-99a-gurgaon-npxid-r184557
178,Paras Ekam Homes,"['Reading Lounge', 'Pergola', 'Skating Rink', 'Gazebo', 'Cricket Pitch', 'Amphitheatre', 'Party Lawn', 'Table Tennis', 'Badminton Court']",https://www.99acres.com/paras-ekam-homes-sohna-gurgaon-npxid-r338225
179,Landmark The Homes 81,"['Swimming Pool', 'Visitors Parking', 'High Speed Elevators', 'Creche/Day care', 'Grocery Shop', 'Shopping Centre', 'Sun Deck', 'Lawn Tennis Court', 'Earthquake Resistant']",https://www.99acres.com/landmark-the-homes-81-sector-81-gurgaon-npxid-r379705
180,ROF Normanton Park,"['Reading Lounge', 'Reflexology Park', 'Wi-Fi Connectivity', 'Gated Community', 'Senior Citizen Sitout']",https://www.99acres.com/rof-normanton-park-sohna-gurgaon-npxid-r386250
181,Corona Greens,"['Pergola', 'Skating Rink', 'Gazebo', 'Multipurpose Court', 'Party Lawn', 'Yoga/Meditation Area', 'Sewage Treatment Plant', 'Jogging Track', 'Gymnasium']",https://www.99acres.com/corona-greens-sohna-gurgaon-npxid-r348231
182,Umang Winter Hills,"['Swimming Pool', 'Laundry', 'Volley Ball Court', 'ATM', 'Visitors Parking', 'Restaurant', 'Creche/Day care', 'Skating Rink', 'Grocery Shop']",https://www.99acres.com/umang-winter-hills-sector-77-gurgaon-npxid-r1614
183,Puri Diplomatic Greens,"['Air Hockey', 'Foosball', 'Swimming Pool', 'Bar/Chill-Out Lounge', 'Terrace Garden', 'Pergola', 'Waiting Lounge', 'Pool Table', 'Billiards']",https://www.99acres.com/puri-diplomatic-greens-sector-111-gurgaon-npxid-r1350
184,Silverglades Hightown Residences,"['Mini Theatre', 'Car wash area', 'Swimming Pool', 'Theater Home', 'Lounge', 'Bar/Chill-Out Lounge', 'Business Lounge', 'Medical Centre', 'Flower Garden']",https://www.99acres.com/silverglades-hightown-residences-sushant-lok-phase-1-gurgaon-npxid-r370204
185,Pioneer Park,"['Swimming Pool', 'Piped Gas', 'Water Softener Plant', 'Earthquake Resistant', 'Entrance Lobby', 'Jogging Track', 'Club House', '24/7 Power Backup', 'Gymnasium']",https://www.99acres.com/pioneer-park-sector-61-gurgaon-npxid-r45994
186,Anant Raj Ashok Estate,['Gated Community'],https://www.99acres.com/anant-raj-ashok-estate-sector-63a-gurgaon-npxid-r396054
187,Paras Dews,"['Swimming Pool', 'Lounge', 'Reflexology Park', 'School', 'Aerobics Centre', 'Card Room', 'Sauna', 'Jacuzzi', 'Spa']",https://www.99acres.com/paras-dews-sector-106-gurgaon-npxid-r28300
188,Ireo The Corridors,"['Swimming Pool', 'Football', 'Bar/Chill-Out Lounge', 'Medical Centre', 'Reading Lounge', 'School', 'Solar Lighting', 'Aerobics Centre', 'Card Room']",https://www.99acres.com/ireo-the-corridors-sector-67a-gurgaon-npxid-r6670
189,Assotech Blith,"['Swimming Pool', 'Lounge', 'Medical Centre', 'Conference room', 'Salon', 'Card Room', 'Visitors Parking', 'Restaurant', 'Terrace Garden']",https://www.99acres.com/assotech-blith-sector-99-gurgaon-npxid-r3090
190,Bestech Park View Sanskruti,"['Valet Parking', 'Swimming Pool', 'Reading Lounge', 'School', 'Card Room', 'Restaurant', 'Sauna', 'Steam Room', 'Grocery Shop']",https://www.99acres.com/bestech-park-view-sanskruti-sector-92-gurgaon-npxid-r4600
191,Signature Global the Millennia,"['Skating Rink', 'Grocery Shop', 'Gazebo', 'Fountain', 'Shopping Centre', 'Cricket Pitch', 'Multipurpose Court', 'Amphitheatre', 'Earthquake Resistant']",https://www.99acres.com/signature-global-the-millennia-sector-37d-gurgaon-npxid-r275989
192,Orchid Island,"['Property Staff', 'Fountain', 'Power Back up Lift', 'Badminton Court', '24x7 Security', 'Club House', '24/7 Power Backup', 'Gated Community', '24/7 Water Supply']",https://www.99acres.com/orchid-island-sector-51-gurgaon-npxid-r8010
193,Ramprastha The Edge Towers,"['Temple', 'Swimming Pool', 'Bar/Chill-Out Lounge', 'School', 'Restaurant', 'Sauna', 'Piped Gas', 'Spa', 'Squash Court']",https://www.99acres.com/ramprastha-the-edge-towers-sector-37d-gurgaon-npxid-r159
194,Pyramid Spring Valley,"['Basketball Court', 'Badminton Court', 'Yoga/Meditation Area', 'Jogging Track', 'Rain Water Harvesting', '24/7 Power Backup', 'Landscape Garden', ""Children's Play Area"", 'Lift(s)']",https://www.99acres.com/pyramid-spring-valley-sohna-gurgaon-npxid-r338595
195,Bestech Park View Ananda,"['Swimming Pool', 'Visitors Parking', 'Restaurant', 'Terrace Garden', 'Piped Gas', 'Water Softener Plant', 'Skating Rink', 'Squash Court', 'Gazebo']",https://www.99acres.com/bestech-park-view-ananda-sector-81-gurgaon-npxid-r6464
196,Mapsko Casa Bella,"['Swimming Pool', 'Pergola', 'Sauna', 'Spa', 'Grocery Shop', 'Squash Court', 'Gazebo', 'Fountain', 'Shopping Centre']",https://www.99acres.com/mapsko-casa-bella-sector-82-gurgaon-npxid-r158
197,Mahindra Aura,"['Swimming Pool', 'Golf Course', 'Pergola', 'Skating Rink', 'Fountain', 'Cricket Pitch', 'Sun Deck', 'Multipurpose Court', 'Amphitheatre']",https://www.99acres.com/mahindra-aura-sector-110-a-gurgaon-npxid-r722
198,Godrej Air,"['Mini Theatre', 'Swimming Pool', 'Flower Garden', 'School', 'Terrace Garden', 'Pergola', 'Creche/Day care', 'Skating Rink', 'Grocery Shop']",https://www.99acres.com/godrej-air-sector-85-gurgaon-npxid-r320141
199,Conscient Habitat,"['Creche/Day care', 'Shopping Centre', 'Earthquake Resistant', 'Community Hall', 'Gated Community', 'Landscape Garden', ""Children's Play Area"", 'Lift(s)', 'Car Parking']",https://www.99acres.com/conscient-habitat-sector-99a-gurgaon-npxid-r376695
200,Conscient Heritage Max,"['Swimming Pool', 'Football', 'Volley Ball Court', 'Card Room', 'Terrace Garden', 'Grocery Shop', 'Squash Court', 'Pool Table', 'Cafeteria']",https://www.99acres.com/conscient-heritage-max-sector-102-gurgaon-npxid-r4050
201,Vipul Belmonte,"['Swimming Pool', 'ATM', 'Water Softener Plant', 'Grocery Shop', 'Wi-Fi Connectivity', 'Pool Table', 'Property Staff', 'Cafeteria', 'Billiards']",https://www.99acres.com/vipul-belmonte-sector-53-gurgaon-npxid-r12228
202,Unitech The Residences,"['Manicured Garden', 'Swimming Pool', 'School', 'Shopping Centre', 'Lawn Tennis Court', 'Badminton Court', 'Jogging Track', 'Club House', '24/7 Power Backup']",https://www.99acres.com/unitech-the-residences-sector-33-gurgaon-npxid-r508
203,ILD Grand,"['Manicured Garden', 'Swimming Pool', 'School', 'Salon', 'Spa', 'Grocery Shop', 'Billiards', 'Lawn Tennis Court', 'Basketball Court']",https://www.99acres.com/ild-grand-sector-37c-gurgaon-npxid-r2362
204,Signature Global Solera 2,"['Pergola', 'Creche/Day care', 'Amphitheatre', 'Community Hall', 'Badminton Court', 'Jogging Track', '24x7 Security', 'Club House', '24/7 Power Backup']",https://www.99acres.com/signature-global-solera-2-sector-107-gurgaon-npxid-r276621
205,Signature Global Solera,"['Jogging Track', '24/7 Power Backup', 'Gated Community', 'Gymnasium', '24/7 Water Supply', 'Landscape Garden', ""Children's Play Area"", 'Lift(s)', 'Car Parking']",https://www.99acres.com/signature-global-solera-sector-107-gurgaon-npxid-r84159
206,M3M Woodshire,"['Swimming Pool', 'School', 'ATM', 'Aerobics Centre', 'Restaurant', 'Skating Rink', 'Theatre', 'Wi-Fi Connectivity', 'Pool Table']",https://www.99acres.com/m3m-woodshire-sector-107-gurgaon-npxid-r5746
207,Vatika India Next Plots,"['Swimming Pool', 'Medical Centre', 'Golf Course', 'School', 'Property Staff', 'Cafeteria', 'Multipurpose Court', 'Vastu Compliant', 'Rain Water Harvesting']",https://www.99acres.com/vatika-india-next-plots-sector-83-gurgaon-npxid-r144209
208,MV Buildcon Precore City,"['Multipurpose Court', '24/7 Power Backup', '24/7 Water Supply', 'Landscape Garden', ""Children's Play Area""]",https://www.99acres.com/mv-buildcon-precore-city-sohna-gurgaon-npxid-r24666
209,Lion Infra Green Valley,"['Terrace Garden', 'Cricket Pitch', 'Amphitheatre', 'Badminton Court', 'Yoga/Meditation Area', 'Sewage Treatment Plant', 'Jogging Track', 'Rain Water Harvesting', '24x7 Security']",https://www.99acres.com/lion-infra-green-valley-sector-35-sohna-gurgaon-npxid-r373089
210,Orchid Petals,"['Swimming Pool', 'Volley Ball Court', 'Piped Gas', 'Water Softener Plant', 'Wi-Fi Connectivity', 'Property Staff', 'Shopping Centre', 'Lawn Tennis Court', 'Multipurpose Court']",https://www.99acres.com/orchid-petals-sector-49-gurgaon-npxid-r12066
211,BPTP Mansions Park Prime,"['Swimming Pool', 'High Speed Elevators', 'Property Staff', 'Shopping Centre', 'Sun Deck', 'CCTV Camera Security', 'Jogging Track', '24x7 Security', 'Club House']",https://www.99acres.com/bptp-mansions-park-prime-sector-66-gurgaon-npxid-r800
212,Emaar MGF Palm Terraces,"['Swimming Pool', 'Golf Course', 'School', 'Restaurant', 'Terrace Garden', 'Waiting Lounge', 'Jacuzzi', 'Squash Court', 'Property Staff']",https://www.99acres.com/emaar-mgf-palm-terraces-sector-66-gurgaon-npxid-r816
213,Optimal ultra luxury builder floors,"['Visitors Parking', 'Piped Gas', 'Gated Community', 'Landscape Garden', 'Maintenance Staff']",https://www.99acres.com/optimal-ultra-luxury-builder-floors-south-city-1-gurgaon-npxid-r411007
214,Salcon The Verandas,"['Concierge Service', 'Swimming Pool', 'Bar/Chill-Out Lounge', 'Salon', 'Restaurant', 'Spa', 'Grocery Shop', 'Squash Court', 'Lawn Tennis Court']",https://www.99acres.com/salcon-the-verandas-sector-54-gurgaon-npxid-r26644
215,BPTP Park Generations,"['Doctor on Call', 'Manicured Garden', 'Automated Car Wash', 'Clinic', 'Car wash area', 'Swimming Pool', 'Medical Centre', 'School', 'Volley Ball Court']",https://www.99acres.com/bptp-park-generations-sector-37d-gurgaon-npxid-r1243
216,Zara Aavaas,"['Swimming Pool', 'Reading Lounge', 'Card Room', 'Sauna', 'Steam Room', 'Cafeteria', 'Billiards', 'Shopping Centre', 'Basketball Court']",https://www.99acres.com/zara-aavaas-sector-104-gurgaon-npxid-r170643
217,Yashika 104,"['Wi-Fi Connectivity', 'Library', 'Cricket Pitch', 'Multipurpose Court', 'Community Hall', 'Yoga/Meditation Area', 'Gated Community', 'Gymnasium', ""Children's Play Area""]",https://www.99acres.com/yashika-104-sector-104-gurgaon-npxid-r393813
218,Breez Global Heights 89,"['Foosball', 'Flower Garden', 'Aerobics Centre', 'Card Room', 'Skating Rink', 'Pool Table', 'Fountain', 'Multipurpose Court', 'Power Back up Lift']",https://www.99acres.com/breez-global-heights-89-sector-89-gurgaon-npxid-r389823
219,Zara Rossa,"['Multipurpose Court', 'Power Back up Lift', 'Community Hall', 'Basketball Court', 'Badminton Court', 'Rain Water Harvesting', '24x7 Security', 'Club House', '24/7 Power Backup']",https://www.99acres.com/zara-rossa-sector-112-gurgaon-npxid-r268975
220,Alpha Corp GurgaonOne 84,"['Swimming Pool', 'Medical Centre', 'Flower Garden', 'Aerobics Centre', 'Squash Court', 'Gazebo', 'Property Staff', 'Billiards', 'Sun Deck']",https://www.99acres.com/alpha-corp-gurgaonone-84-sector-84-gurgaon-npxid-r5096
221,Krrish Florence Estate,"['Infinity Pool', 'Swimming Pool', 'Laundry', 'School', 'Property Staff', 'Shopping Centre', 'Lawn Tennis Court', 'Video Door Security', 'Multipurpose Court']",https://www.99acres.com/krrish-florence-estate-sector-70-gurgaon-npxid-r37698
222,Tulip Purple,"['Bus Shelter', 'Swimming Pool', 'Lawn Tennis Court', '24/7 Power Backup', 'Gated Community', 'Gymnasium', '24/7 Water Supply', 'Landscape Garden', ""Children's Play Area""]",https://www.99acres.com/tulip-purple-sector-69-gurgaon-npxid-r37138
223,Tulip Ivory,"['Bus Shelter', 'Swimming Pool', 'Business Lounge', 'High Speed Elevators', 'Billiards', 'Fountain', 'Sun Deck', 'Lawn Tennis Court', 'Multipurpose Court']",https://www.99acres.com/tulip-ivory-sector-70-gurgaon-npxid-r35152
224,Shree Vardhman City,"['Swimming Pool', 'Vastu Compliant', 'Rain Water Harvesting', 'Club House', '24/7 Power Backup', 'Gymnasium', ""Children's Play Area"", 'Lift(s)', 'Car Parking']",https://www.99acres.com/shree-vardhman-city-sohna-gurgaon-npxid-r27370
225,Signature Global Prime,"['Swimming Pool', 'Volley Ball Court', 'Water Softener Plant', 'Creche/Day care', 'Gazebo', 'Fountain', 'Sun Deck', 'Lawn Tennis Court', 'Power Back up Lift']",https://www.99acres.com/signature-global-prime-sector-63a-gurgaon-npxid-r344079
226,Antriksh Heights,"['Food Court', 'Swimming Pool', 'School', 'Sauna', 'Spa', 'Grocery Shop', 'Squash Court', 'Fountain', 'Lawn Tennis Court']",https://www.99acres.com/antriksh-heights-sector-84-gurgaon-npxid-r2190
227,BPTP Pedestal,"['Manicured Garden', 'Swimming Pool', 'Business Lounge', 'Golf Course', 'Restaurant', 'Spa', 'Squash Court', 'Theatre', 'Billiards']",https://www.99acres.com/bptp-pedestal-sector-70a-gurgaon-npxid-r25372
228,Vatika Express City,"['Swimming Pool', 'ATM', 'Cafeteria', 'Library', 'Community Hall', 'Vastu Compliant', 'Badminton Court', 'Sewage Treatment Plant', 'Club House']",https://www.99acres.com/vatika-express-city-sector-88a-gurgaon-npxid-r37160
229,Pegasus Atulyam 83,"['Badminton Court', '24x7 Security', ""Children's Play Area""]",https://www.99acres.com/pegasus-atulyam-83-sector-83-gurgaon-npxid-r403827
230,DLF The Summit,"['Swimming Pool', 'Property Staff', 'Multipurpose Court', 'Power Back up Lift', 'Party Lawn', 'Community Hall', 'Basketball Court', 'Multipurpose Hall', 'Rain Water Harvesting']",https://www.99acres.com/dlf-the-summit-sector-54-gurgaon-npxid-r26556
231,The Close South,"['Swimming Pool', 'Business Lounge', 'Laundry', 'Conference room', 'RO System', 'ATM', 'Jacuzzi', 'Piped Gas', 'Steam Room']",https://www.99acres.com/the-close-south-nirvana-country-gurgaon-npxid-r11694
232,Emaar Mgf Palm Terraces Select,"['Bowling Alley', 'Swimming Pool', 'Bar/Chill-Out Lounge', 'Changing Area', 'Aerobics Centre', 'Jacuzzi', 'Billiards', 'Lawn Tennis Court', 'Party Lawn']",https://www.99acres.com/emaar-mgf-palm-terraces-select-sector-66-gurgaon-npxid-r904
233,Unitech Fresco,"['Swimming Pool', 'School', 'ATM', 'Piped Gas', 'Creche/Day care', 'Grocery Shop', 'Squash Court', 'Theatre', 'Wi-Fi Connectivity']",https://www.99acres.com/unitech-fresco-nirvana-country-gurgaon-npxid-r4
234,Unitech Escape,"['Swimming Pool', 'Business Lounge', 'Jacuzzi', 'Squash Court', 'Wi-Fi Connectivity', 'Property Staff', 'Banquet Hall', 'Lawn Tennis Court', 'Video Door Security']",https://www.99acres.com/unitech-escape-nirvana-country-gurgaon-npxid-r10624
235,Unitech Harmony,"['Swimming Pool', 'Creche/Day care', 'Squash Court', 'Property Staff', 'Shopping Centre', 'Lawn Tennis Court', 'Video Door Security', 'Toddler Pool', 'Party Lawn']",https://www.99acres.com/unitech-harmony-nirvana-country-gurgaon-npxid-r7
236,Vatika The Seven Lamps,"['Valet Parking', 'Swimming Pool', 'School', 'Visitors Parking', 'Skating Rink', 'Theatre', 'Property Staff', 'Shopping Centre', 'Sun Deck']",https://www.99acres.com/vatika-the-seven-lamps-sector-82-gurgaon-npxid-r1135
237,BPTP Freedom Park Life,"['Swimming Pool', 'School', 'Jacuzzi', 'Shopping Centre', 'Multipurpose Court', 'Community Hall', '24x7 Security', 'Club House', '24/7 Power Backup']",https://www.99acres.com/bptp-freedom-park-life-sector-57-gurgaon-npxid-r375
238,DLF New Town Heights,"['Swimming Pool', 'Sauna', 'Piped Gas', 'Grocery Shop', 'Squash Court', 'Fountain', 'Lawn Tennis Court', 'Video Door Security', 'Earthquake Resistant']",https://www.99acres.com/dlf-new-town-heights-sector-91-gurgaon-npxid-r23702
239,La Lagune,"['Swimming Pool', 'Bar/Chill-Out Lounge', 'Changing Area', 'RO System', 'Aerobics Centre', 'Card Room', 'Restaurant', 'High Speed Elevators', 'Waiting Lounge']",https://www.99acres.com/la-lagune-sector-54-gurgaon-npxid-r12072
240,M3M My Den,"['Food Court', 'Concierge Service', 'Infinity Pool', 'Swimming Pool', 'Football', 'Bar/Chill-Out Lounge', 'Business Lounge', 'Laundry', 'Reading Lounge']",https://www.99acres.com/m3m-my-den-sector-67-gurgaon-npxid-r324825
241,Suncity Avenue 102,"['Creche/Day care', 'Property Staff', 'Multipurpose Court', 'Community Hall', 'Multipurpose Hall', 'Gated Community', 'Landscape Garden', 'Lift(s)', 'Car Parking']",https://www.99acres.com/suncity-avenue-102-sector-102-gurgaon-npxid-r256209
242,DLF Princeton Estate,"['Swimming Pool', 'Medical Centre', 'Laundry', 'Salon', 'Grocery Shop', 'Property Staff', 'Shopping Centre', 'Table Tennis', 'Badminton Court']",https://www.99acres.com/dlf-princeton-estate-dlf-phase-5-gurgaon-npxid-r11712
243,Pyramid Urban Homes 2,"['Shopping Centre', 'Community Hall', '24x7 Security', 'Gated Community', 'Landscape Garden', 'Lift(s)', 'Car Parking']",https://www.99acres.com/pyramid-urban-homes-2-sector-86-gurgaon-npxid-r181113
244,Satya The Hermitage,"['Bus Shelter', 'Swimming Pool', 'Business Lounge', 'Reading Lounge', 'Barbecue', 'Skating Rink', 'Fountain', 'Lawn Tennis Court', 'Amphitheatre']",https://www.99acres.com/satya-the-hermitage-sector-103-gurgaon-npxid-r7086
245,BPTP Spacio,"['Swimming Pool', 'Card Room', 'Piped Gas', 'Pool Table', 'Sun Deck', 'Lawn Tennis Court', 'Multipurpose Court', 'Earthquake Resistant', 'Toddler Pool']",https://www.99acres.com/bptp-spacio-sector-37d-gurgaon-npxid-r937
246,SS The Coralwood,"['Swimming Pool', 'School', 'Solar Lighting', 'Aerobics Centre', 'Card Room', 'Solar Water Heating', 'Grocery Shop', 'Billiards', 'Fountain']",https://www.99acres.com/ss-the-coralwood-sector-84-gurgaon-npxid-r2722
